email,name,type,registered_date
user1@gmail.com,user1,user,2026-05-02 16:12:57
user2@yahoo.com,user2,user,2026-05-02 16:12:57
user3@hotmail.com,user3,user,2026-05-02 16:12:57
user4@outlook.com,user4,user,2026-05-02 16:12:57
user5@gmail.com,user5,user,2026-05-02 16:12:57
user6@yahoo.com,user6,user,2026-05-02 16:12:57
user7@hotmail.com,user7,user,2026-05-02 16:12:57
user8@outlook.com,user8,user,2026-05-02 16:12:57
user9@gmail.com,user9,user,2026-05-02 16:12:57
user10@yahoo.com,user10,user,2026-05-02 16:12:57
user11@gmail.com,user11,user,2026-05-02 16:12:57
user12@yahoo.com,user12,user,2026-05-02 16:12:57
user13@hotmail.com,user13,user,2026-05-02 16:12:57
user14@outlook.com,user14,user,2026-05-02 16:12:57
user15@gmail.com,user15,user,2026-05-02 16:12:57
user16@yahoo.com,user16,user,2026-05-02 16:12:57
user17@hotmail.com,user17,user,2026-05-02 16:12:57
user18@outlook.com,user18,user,2026-05-02 16:12:57
user19@gmail.com,user19,user,2026-05-02 16:12:57
user20@yahoo.com,user20,user,2026-05-02 16:12:57
subscriber1@gmail.com,مشترك,subscriber,2026-05-02 16:12:57
subscriber2@yahoo.com,مشترك,subscriber,2026-05-02 16:12:57
subscriber3@hotmail.com,مشترك,subscriber,2026-05-02 16:12:57
subscriber4@outlook.com,مشترك,subscriber,2026-05-02 16:12:57
subscriber5@gmail.com,مشترك,subscriber,2026-05-02 16:12:57
subscriber6@yahoo.com,مشترك,subscriber,2026-05-02 16:12:57
subscriber7@hotmail.com,مشترك,subscriber,2026-05-02 16:12:57
subscriber8@outlook.com,مشترك,subscriber,2026-05-02 16:12:57
subscriber9@gmail.com,مشترك,subscriber,2026-05-02 16:12:57
subscriber10@yahoo.com,مشترك,subscriber,2026-05-02 16:12:57
subscriber11@gmail.com,مشترك,subscriber,2026-05-02 16:12:57
subscriber12@yahoo.com,مشترك,subscriber,2026-05-02 16:12:57
subscriber13@hotmail.com,مشترك,subscriber,2026-05-02 16:12:57
subscriber14@outlook.com,مشترك,subscriber,2026-05-02 16:12:57
subscriber15@gmail.com,مشترك,subscriber,2026-05-02 16:12:57
subscriber16@yahoo.com,مشترك,subscriber,2026-05-02 16:12:57
subscriber17@hotmail.com,مشترك,subscriber,2026-05-02 16:12:57
subscriber18@outlook.com,مشترك,subscriber,2026-05-02 16:12:57
subscriber19@gmail.com,مشترك,subscriber,2026-05-02 16:12:57
subscriber20@yahoo.com,مشترك,subscriber,2026-05-02 16:12:57
subscriber21@gmail.com,مشترك,subscriber,2026-05-02 16:12:57
subscriber22@yahoo.com,مشترك,subscriber,2026-05-02 16:12:57
subscriber23@hotmail.com,مشترك,subscriber,2026-05-02 16:12:57
subscriber24@outlook.com,مشترك,subscriber,2026-05-02 16:12:57
subscriber25@gmail.com,مشترك,subscriber,2026-05-02 16:12:57
subscriber26@yahoo.com,مشترك,subscriber,2026-05-02 16:12:57
subscriber27@hotmail.com,مشترك,subscriber,2026-05-02 16:12:57
subscriber28@outlook.com,مشترك,subscriber,2026-05-02 16:12:57
subscriber29@gmail.com,مشترك,subscriber,2026-05-02 16:12:57
subscriber30@yahoo.com,مشترك,subscriber,2026-05-02 16:12:57
